Unnamed: 0,PostId,PostUrl,PostEngagement,Platform,ChannelID,ChannelName,ChannelUid,ChannelUrl,ChannelEngagement,post_body_text,GoogleAudioText,VoskAudioText,EmbeddedContentText,published_at,post_data,post_media_urls,LikesCount,SharesCount,CommentsCount,ViewsCount,post_media_file,embedded_post_text,search_data,embedded,Tweet,AuthorTweet,Datetime,id
4199,405004424,https://twitter.com/iamjohnoliver/status/1867657106888986950,,Twitter,10320359,John Oliver,blank_for_now,blank_for_now,"{""follower_count"":5166560,""following_count"":142,""like_count"":553082,""post_count"":755,""views_count"":114983156,""comment_count"":27595,""share_count"":107024}","RT @LastWeekTonight: All of Season 8 is coming to our YouTube channel this Sunday, for free! Just like that *snaps fingers*! Oh god oh god…", ,no longer populated,"All of Season 8 is coming to our YouTube channel this Sunday, for free! Just like that *snaps fingers*! Oh god oh god please don’t say we trapped George Clooney in the digital realm please he is going to be SO pissed. https://t.co/8s2lfLzEIU",2024-12-13T19:45:28.000Z,post data removed,,0,117,0,0,,"All of Season 8 is coming to our YouTube channel this Sunday, for free! Just like that *snaps fingers*! Oh god oh god please don’t say we trapped George Clooney in the digital realm please he is going to be SO pissed. https://t.co/8s2lfLzEIU",,Embedded content: ,"RT @LastWeekTonight: All of Season 8 is coming to our YouTube channel this Sunday, for free! Just like that *snaps fingers*! Oh god oh god…","Author: John Oliver
Tweet: RT @LastWeekTonight: All of Season 8 is coming to our YouTube channel this Sunday, for free! Just like that *snaps fingers*! Oh god oh god…",2024-12-13 19:45:28,405004424
8020,405004444,https://twitter.com/iamjohnoliver/status/1861807770523025788,,Twitter,10320359,John Oliver,blank_for_now,blank_for_now,"{""follower_count"":5166560,""following_count"":142,""like_count"":553082,""post_count"":755,""views_count"":114983156,""comment_count"":27595,""share_count"":107024}","RT @LastWeekTonight: We’re on hiatus now, so we can’t talk about Trump’s plan to start a trade war with tariffs. But to be honest, there’s…", ,no longer populated,"We’re on hiatus now, so we can’t talk about Trump’s plan to start a trade war with tariffs. But to be honest, there’s not much to be said about the subject of “What Donald Trump Doesn’t Understand About Trade” that we didn’t already cover in 2018. https://t.co/ZbF3sIflwI",2024-11-27T16:22:17.000Z,post data removed,https://www.junkipedia.org/rails/active_storage/blobs/redirect/eyJfcmFpbHMiOnsibWVzc2FnZSI6IkJBaHBCRVR2dnprPSIsImV4cCI6bnVsbCwicHVyIjoiYmxvYl9pZCJ9fQ==--0feaa9e8490f391129b9b4fb68919bb2e2aed0e6/post-10320359-405004444-thumbnail,0,290,0,1,,"We’re on hiatus now, so we can’t talk about Trump’s plan to start a trade war with tariffs. But to be honest, there’s not much to be said about the subject of “What Donald Trump Doesn’t Understand About Trade” that we didn’t already cover in 2018. https://t.co/ZbF3sIflwI",,Embedded content: ,"RT @LastWeekTonight: We’re on hiatus now, so we can’t talk about Trump’s plan to start a trade war with tariffs. But to be honest, there’s…","Author: John Oliver
Tweet: RT @LastWeekTonight: We’re on hiatus now, so we can’t talk about Trump’s plan to start a trade war with tariffs. But to be honest, there’s…",2024-11-27 16:22:17,405004444
10160,378563253,https://twitter.com/iamjohnoliver/status/1859677171910050164,,Twitter,10320359,John Oliver,blank_for_now,blank_for_now,"{""follower_count"":5166560,""following_count"":142,""like_count"":553082,""post_count"":755,""views_count"":114983156,""comment_count"":27595,""share_count"":107024}","As always, thanks so much for watching us this year. Here's our piece from Sunday about the looming TikTok ban in the U.S...https://t.co/xAucGD9IuF", ,no longer populated,,2024-11-21T19:16:03.000Z,post data removed,https://www.junkipedia.org/rails/active_storage/blobs/redirect/eyJfcmFpbHMiOnsibWVzc2FnZSI6IkJBaHBCS0R2dnprPSIsImV4cCI6bnVsbCwicHVyIjoiYmxvYl9pZCJ9fQ==--97b10d56127e715e105050f637fd9e35d27a5f0b/post-10320359-378563253-thumbnail,2092,209,328,211853,,,,Embedded content: ,"As always, thanks so much for watching us this year. Here's our piece from Sunday about the looming TikTok ban in the U.S...https://t.co/xAucGD9IuF","Author: John Oliver
Tweet: As always, thanks so much for watching us this year. Here's our piece from Sunday about the looming TikTok ban in the U.S...https://t.co/xAucGD9IuF",2024-11-21 19:16:03,378563253
12671,372732696,https://twitter.com/iamjohnoliver/status/1857205986928308466,,Twitter,10320359,John Oliver,blank_for_now,blank_for_now,"{""follower_count"":5166560,""following_count"":142,""like_count"":553082,""post_count"":755,""views_count"":114983156,""comment_count"":27595,""share_count"":107024}",Just re-upping this piece. No particular reason...https://t.co/fJqZTuDlm1, ,no longer populated,,2024-11-14T23:36:27.000Z,post data removed,https://www.junkipedia.org/rails/active_storage/blobs/redirect/eyJfcmFpbHMiOnsibWVzc2FnZSI6IkJBaHBCTUh2dnprPSIsImV4cCI6bnVsbCwicHVyIjoiYmxvYl9pZCJ9fQ==--1ebab7ab613dd7c5de2c4c047662ba3d0262f3c5/post-10320359-372732696-thumbnail,5222,1040,737,484687,,,,Embedded content: ,Just re-upping this piece. No particular reason...https://t.co/fJqZTuDlm1,"Author: John Oliver
Tweet: Just re-upping this piece. No particular reason...https://t.co/fJqZTuDlm1",2024-11-14 23:36:27,372732696
12798,372547230,https://twitter.com/iamjohnoliver/status/1857104019270893751,,Twitter,10320359,John Oliver,blank_for_now,blank_for_now,"{""follower_count"":5166560,""following_count"":142,""like_count"":553082,""post_count"":755,""views_count"":114983156,""comment_count"":27595,""share_count"":107024}",Here's our story from Sunday about...y'know https://t.co/KceNNAmsLj, ,no longer populated,,2024-11-14T16:51:16.000Z,post data removed,https://www.junkipedia.org/rails/active_storage/blobs/redirect/eyJfcmFpbHMiOnsibWVzc2FnZSI6IkJBaHBCTm52dnprPSIsImV4cCI6bnVsbCwicHVyIjoiYmxvYl9pZCJ9fQ==--60ef1d4a1c997439626e853b3a5448d3aa399f97/post-10320359-372547230-thumbnail,2096,370,761,420458,,,,Embedded content: ,Here's our story from Sunday about...y'know https://t.co/KceNNAmsLj,"Author: John Oliver
Tweet: Here's our story from Sunday about...y'know https://t.co/KceNNAmsLj",2024-11-14 16:51:16,372547230
17405,363764948,https://twitter.com/iamjohnoliver/status/1853396742537953299,,Twitter,10320359,John Oliver,blank_for_now,blank_for_now,"{""follower_count"":5166560,""following_count"":142,""like_count"":553082,""post_count"":755,""views_count"":114983156,""comment_count"":27595,""share_count"":107024}",Here's just a few thoughts ahead of tomorrow...https://t.co/YVcZGJoZdR, ,no longer populated,,2024-11-04T11:19:52.000Z,post data removed,https://www.junkipedia.org/rails/active_storage/blobs/redirect/eyJfcmFpbHMiOnsibWVzc2FnZSI6IkJBaHBCUG52dnprPSIsImV4cCI6bnVsbCwicHVyIjoiYmxvYl9pZCJ9fQ==--ceeef4debb78fd812aa5bea7c51abfd35c1c0b72/post-10320359-363764948-thumbnail,4393,1019,615,689456,,,,Embedded content: ,Here's just a few thoughts ahead of tomorrow...https://t.co/YVcZGJoZdR,"Author: John Oliver
Tweet: Here's just a few thoughts ahead of tomorrow...https://t.co/YVcZGJoZdR",2024-11-04 11:19:52,363764948
18726,361419242,https://twitter.com/iamjohnoliver/status/1852100090741297206,,Twitter,10320359,John Oliver,blank_for_now,blank_for_now,"{""follower_count"":5166560,""following_count"":142,""like_count"":553082,""post_count"":755,""views_count"":114983156,""comment_count"":27595,""share_count"":107024}","Here's our piece from Sunday about Lee Greenwood's ""God Bless the USA"", why it shouldn't be played at naturalization ceremonies, and what maybe should be instead...https://t.co/HjTOsyWRQG", ,no longer populated,,2024-10-31T21:27:26.000Z,post data removed,https://www.junkipedia.org/rails/active_storage/blobs/redirect/eyJfcmFpbHMiOnsibWVzc2FnZSI6IkJBaHBCQmZ3dnprPSIsImV4cCI6bnVsbCwicHVyIjoiYmxvYl9pZCJ9fQ==--4391ba7f188e24467906f721fcb5aca4bee192ec/post-10320359-361419242-thumbnail,1268,228,172,210827,,,,Embedded content: ,"Here's our piece from Sunday about Lee Greenwood's ""God Bless the USA"", why it shouldn't be played at naturalization ceremonies, and what maybe should be instead...https://t.co/HjTOsyWRQG","Author: John Oliver
Tweet: Here's our piece from Sunday about Lee Greenwood's ""God Bless the USA"", why it shouldn't be played at naturalization ceremonies, and what maybe should be instead...https://t.co/HjTOsyWRQG",2024-10-31 21:27:26,361419242
18728,361419250,https://twitter.com/iamjohnoliver/status/1852098973177426101,,Twitter,10320359,John Oliver,blank_for_now,blank_for_now,"{""follower_count"":5166560,""following_count"":142,""like_count"":553082,""post_count"":755,""views_count"":114983156,""comment_count"":27595,""share_count"":107024}","RT @LastWeekTonight: This week we did something a bit different. We covered two main stories, both related to immigration. One is about mas…", ,no longer populated,"This week we did something a bit different. We covered two main stories, both related to immigration. One is about mass deportations, and the other is about the man behind one of America’s most popular anthems, “God Bless the USA,” but they’re both — at their core — about Mountain Dew Baja Blast. Because any story about America is sort of a story about Mountain Dew Baja Blast.",2024-10-31T21:23:00.000Z,post data removed,,0,398,0,2,,"This week we did something a bit different. We covered two main stories, both related to immigration. One is about mass deportations, and the other is about the man behind one of America’s most popular anthems, “God Bless the USA,” but they’re both — at their core — about Mountain Dew Baja Blast. Because any story about America is sort of a story about Mountain Dew Baja Blast.",,Embedded content: ,"RT @LastWeekTonight: This week we did something a bit different. We covered two main stories, both related to immigration. One is about mas…","Author: John Oliver
Tweet: RT @LastWeekTonight: This week we did something a bit different. We covered two main stories, both related to immigration. One is about mas…",2024-10-31 21:23:00,361419250
22965,346050516,https://twitter.com/iamjohnoliver/status/1847988682159960324,,Twitter,10320359,John Oliver,blank_for_now,blank_for_now,"{""follower_count"":5166560,""following_count"":142,""like_count"":553082,""post_count"":755,""views_count"":114983156,""comment_count"":27595,""share_count"":107024}","RT @LastWeekTonight: Safety glasses off! Season 6 is coming to YouTube this Sunday, 10/20 at 11pm ET. https://t.co/WuFwbC82t6", ,no longer populated,"Safety glasses off! Season 6 is coming to YouTube this Sunday, 10/20 at 11pm ET. https://t.co/WuFwbC82t6",2024-10-20T13:10:10.000Z,post data removed,https://www.junkipedia.org/rails/active_storage/blobs/redirect/eyJfcmFpbHMiOnsibWVzc2FnZSI6IkJBaHBCR1R3dnprPSIsImV4cCI6bnVsbCwicHVyIjoiYmxvYl9pZCJ9fQ==--72eba02116ff3bd78bedda95a7bdd7711e60c703/post-10320359-346050516-thumbnail,0,120,0,16,,"Safety glasses off! Season 6 is coming to YouTube this Sunday, 10/20 at 11pm ET. https://t.co/WuFwbC82t6",,Embedded content: ,"RT @LastWeekTonight: Safety glasses off! Season 6 is coming to YouTube this Sunday, 10/20 at 11pm ET. https://t.co/WuFwbC82t6","Author: John Oliver
Tweet: RT @LastWeekTonight: Safety glasses off! Season 6 is coming to YouTube this Sunday, 10/20 at 11pm ET. https://t.co/WuFwbC82t6",2024-10-20 13:10:10,346050516
24023,342659731,https://twitter.com/iamjohnoliver/status/1846913442457780508,,Twitter,10320359,John Oliver,blank_for_now,blank_for_now,"{""follower_count"":5166560,""following_count"":142,""like_count"":553082,""post_count"":755,""views_count"":114983156,""comment_count"":27595,""share_count"":107024}",Here's our piece from Sunday about the attempts to subvert the upcoming election...https://t.co/iescdAtmCS, ,no longer populated,,2024-10-17T13:57:33.000Z,post data removed,https://www.junkipedia.org/rails/active_storage/blobs/redirect/eyJfcmFpbHMiOnsibWVzc2FnZSI6IkJBaHBCSkx3dnprPSIsImV4cCI6bnVsbCwicHVyIjoiYmxvYl9pZCJ9fQ==--225e10f4a650f744cc3e67be69b5499ee8efeff0/post-10320359-342659731-thumbnail,1818,548,124,172710,,,,Embedded content: ,Here's our piece from Sunday about the attempts to subvert the upcoming election...https://t.co/iescdAtmCS,"Author: John Oliver
Tweet: Here's our piece from Sunday about the attempts to subvert the upcoming election...https://t.co/iescdAtmCS",2024-10-17 13:57:33,342659731
26511,334452259,https://twitter.com/iamjohnoliver/status/1844370217000108532,,Twitter,10320359,John Oliver,blank_for_now,blank_for_now,"{""follower_count"":5166560,""following_count"":142,""like_count"":553082,""post_count"":755,""views_count"":114983156,""comment_count"":27595,""share_count"":107024}",Here's our piece from Sunday about traffic stops...https://t.co/hn8d7z0HJK, ,no longer populated,,2024-10-10T13:31:41.000Z,post data removed,https://www.junkipedia.org/rails/active_storage/blobs/redirect/eyJfcmFpbHMiOnsibWVzc2FnZSI6IkJBaHBCS3J3dnprPSIsImV4cCI6bnVsbCwicHVyIjoiYmxvYl9pZCJ9fQ==--0fd88a8dd5bca09b719d6bc8ed81f8c0bfe91e91/post-10320359-334452259-thumbnail,931,178,74,133119,,,,Embedded content: ,Here's our piece from Sunday about traffic stops...https://t.co/hn8d7z0HJK,"Author: John Oliver
Tweet: Here's our piece from Sunday about traffic stops...https://t.co/hn8d7z0HJK",2024-10-10 13:31:41,334452259
28715,327366674,https://twitter.com/iamjohnoliver/status/1841863169385627992,,Twitter,10320359,John Oliver,blank_for_now,blank_for_now,"{""follower_count"":5166560,""following_count"":142,""like_count"":553082,""post_count"":755,""views_count"":114983156,""comment_count"":27595,""share_count"":107024}",Here's our piece from Sunday about what's happened to our federal courts...https://t.co/VhgT4XTI5x, ,no longer populated,,2024-10-03T15:29:34.000Z,post data removed,https://www.junkipedia.org/rails/active_storage/blobs/redirect/eyJfcmFpbHMiOnsibWVzc2FnZSI6IkJBaHBCTUx3dnprPSIsImV4cCI6bnVsbCwicHVyIjoiYmxvYl9pZCJ9fQ==--fc25c221ff7a4d71457c3940465cd7753e95afae/post-10320359-327366674-thumbnail,1060,239,72,130205,,,,Embedded content: ,Here's our piece from Sunday about what's happened to our federal courts...https://t.co/VhgT4XTI5x,"Author: John Oliver
Tweet: Here's our piece from Sunday about what's happened to our federal courts...https://t.co/VhgT4XTI5x",2024-10-03 15:29:34,327366674
31318,322930921,https://twitter.com/iamjohnoliver/status/1839302266878308419,,Twitter,10320359,John Oliver,blank_for_now,blank_for_now,"{""follower_count"":5166560,""following_count"":142,""like_count"":553082,""post_count"":755,""views_count"":114983156,""comment_count"":27595,""share_count"":107024}",Here's our story from Sunday about disability benefits...https://t.co/dJ8QRN3MMk, ,no longer populated,,2024-09-26T13:53:27.000Z,post data removed,https://www.junkipedia.org/rails/active_storage/blobs/redirect/eyJfcmFpbHMiOnsibWVzc2FnZSI6IkJBaHBCTnZ3dnprPSIsImV4cCI6bnVsbCwicHVyIjoiYmxvYl9pZCJ9fQ==--8eff4136b6e1311d9dcd2cccb064acc6f364e2b9/post-10320359-322930921-thumbnail,1054,228,69,141139,,,,Embedded content: ,Here's our story from Sunday about disability benefits...https://t.co/dJ8QRN3MMk,"Author: John Oliver
Tweet: Here's our story from Sunday about disability benefits...https://t.co/dJ8QRN3MMk",2024-09-26 13:53:27,322930921
36257,311205600,https://twitter.com/iamjohnoliver/status/1834224061473276217,,Twitter,10320359,John Oliver,blank_for_now,blank_for_now,"{""follower_count"":5166560,""following_count"":142,""like_count"":553082,""post_count"":755,""views_count"":114983156,""comment_count"":27595,""share_count"":107024}",Here's our story from Sunday about school lunch...https://t.co/8cZpfN4MEW, ,no longer populated,,2024-09-12T13:34:29.000Z,post data removed,https://www.junkipedia.org/rails/active_storage/blobs/redirect/eyJfcmFpbHMiOnsibWVzc2FnZSI6IkJBaHBCUHJ3dnprPSIsImV4cCI6bnVsbCwicHVyIjoiYmxvYl9pZCJ9fQ==--7a9aef7162941b41e75fc3fe31818e090a9b6bfd/post-10320359-311205600-thumbnail,1144,201,75,152302,,,,Embedded content: ,Here's our story from Sunday about school lunch...https://t.co/8cZpfN4MEW,"Author: John Oliver
Tweet: Here's our story from Sunday about school lunch...https://t.co/8cZpfN4MEW",2024-09-12 13:34:29,311205600
43383,302256314,https://twitter.com/iamjohnoliver/status/1827822618138791984,,Twitter,10320359,John Oliver,blank_for_now,blank_for_now,"{""follower_count"":5166560,""following_count"":142,""like_count"":553082,""post_count"":755,""views_count"":114983156,""comment_count"":27595,""share_count"":107024}","In case you missed it, here's last Sunday's story about hospice...https://t.co/5tQNwahRhq", ,no longer populated,,2024-08-25T21:37:26.000Z,post data removed,https://www.junkipedia.org/rails/active_storage/blobs/redirect/eyJfcmFpbHMiOnsibWVzc2FnZSI6IkJBaHBCQnZ4dnprPSIsImV4cCI6bnVsbCwicHVyIjoiYmxvYl9pZCJ9fQ==--53eeb44a97082116c46482cd478c9eef076a9548/post-10320359-302256314-thumbnail,930,132,57,171991,,,,Embedded content: ,"In case you missed it, here's last Sunday's story about hospice...https://t.co/5tQNwahRhq","Author: John Oliver
Tweet: In case you missed it, here's last Sunday's story about hospice...https://t.co/5tQNwahRhq",2024-08-25 21:37:26,302256314
43861,301718066,https://twitter.com/iamjohnoliver/status/1827349046005993721,,Twitter,10320359,John Oliver,blank_for_now,blank_for_now,"{""follower_count"":5166560,""following_count"":142,""like_count"":553082,""post_count"":755,""views_count"":114983156,""comment_count"":27595,""share_count"":107024}",RT @LastWeekTonight: Hard questions. Absolutely all the answers. Season 4 is coming to YouTube on 8/25! https://t.co/D6dzcuo6Mv, ,no longer populated,Hard questions. Absolutely all the answers. Season 4 is coming to YouTube on 8/25! https://t.co/D6dzcuo6Mv,2024-08-24T14:15:37.000Z,post data removed,https://www.junkipedia.org/rails/active_storage/blobs/redirect/eyJfcmFpbHMiOnsibWVzc2FnZSI6IkJBaHBCQzd4dnprPSIsImV4cCI6bnVsbCwicHVyIjoiYmxvYl9pZCJ9fQ==--e0961ccba65959aef5f1664264811767cdf1906b/post-10320359-301718066-thumbnail,0,122,0,3,,Hard questions. Absolutely all the answers. Season 4 is coming to YouTube on 8/25! https://t.co/D6dzcuo6Mv,,Embedded content: ,RT @LastWeekTonight: Hard questions. Absolutely all the answers. Season 4 is coming to YouTube on 8/25! https://t.co/D6dzcuo6Mv,"Author: John Oliver
Tweet: RT @LastWeekTonight: Hard questions. Absolutely all the answers. Season 4 is coming to YouTube on 8/25! https://t.co/D6dzcuo6Mv",2024-08-24 14:15:37,301718066
47481,294524344,https://twitter.com/iamjohnoliver/status/1824138274987741240,,Twitter,10320359,John Oliver,blank_for_now,blank_for_now,"{""follower_count"":5166560,""following_count"":142,""like_count"":553082,""post_count"":755,""views_count"":114983156,""comment_count"":27595,""share_count"":107024}",Here's our piece from Sunday about Hawaii...https://t.co/XxAMbqdNjX, ,no longer populated,,2024-08-15T17:37:10.000Z,post data removed,https://www.junkipedia.org/rails/active_storage/blobs/redirect/eyJfcmFpbHMiOnsibWVzc2FnZSI6IkJBaHBCR0h4dnprPSIsImV4cCI6bnVsbCwicHVyIjoiYmxvYl9pZCJ9fQ==--3f62a27947bca22054c71f7d44cf4a67a05dbf2f/post-10320359-294524344-thumbnail,1095,189,77,129250,,,,Embedded content: ,Here's our piece from Sunday about Hawaii...https://t.co/XxAMbqdNjX,"Author: John Oliver
Tweet: Here's our piece from Sunday about Hawaii...https://t.co/XxAMbqdNjX",2024-08-15 17:37:10,294524344
50033,289308779,https://twitter.com/iamjohnoliver/status/1821533802260308140,,Twitter,10320359,John Oliver,blank_for_now,blank_for_now,"{""follower_count"":5166560,""following_count"":142,""like_count"":553082,""post_count"":755,""views_count"":114983156,""comment_count"":27595,""share_count"":107024}",Here's our piece from Sunday about RFK Jr....https://t.co/fJqZTuDlm1, ,no longer populated,,2024-08-08T13:07:55.000Z,post data removed,https://www.junkipedia.org/rails/active_storage/blobs/redirect/eyJfcmFpbHMiOnsibWVzc2FnZSI6IkJBaHBCSHJ4dnprPSIsImV4cCI6bnVsbCwicHVyIjoiYmxvYl9pZCJ9fQ==--4b936e227116d7722c054935a7e2c3545d85f141/post-10320359-289308779-thumbnail,1514,313,477,185622,,,,Embedded content: ,Here's our piece from Sunday about RFK Jr....https://t.co/fJqZTuDlm1,"Author: John Oliver
Tweet: Here's our piece from Sunday about RFK Jr....https://t.co/fJqZTuDlm1",2024-08-08 13:07:55,289308779
52725,283949436,https://twitter.com/iamjohnoliver/status/1818991450236879287,,Twitter,10320359,John Oliver,blank_for_now,blank_for_now,"{""follower_count"":5166560,""following_count"":142,""like_count"":553082,""post_count"":755,""views_count"":114983156,""comment_count"":27595,""share_count"":107024}",Here's our piece from Sunday on The West Bank settlements...https://t.co/AlELOkFMf7, ,no longer populated,,2024-08-01T12:45:31.000Z,post data removed,https://www.junkipedia.org/rails/active_storage/blobs/redirect/eyJfcmFpbHMiOnsibWVzc2FnZSI6IkJBaHBCSXp4dnprPSIsImV4cCI6bnVsbCwicHVyIjoiYmxvYl9pZCJ9fQ==--15a63424858256068af81b003bd5ad9731ec068c/post-10320359-283949436-thumbnail,2552,729,344,219615,,,,Embedded content: ,Here's our piece from Sunday on The West Bank settlements...https://t.co/AlELOkFMf7,"Author: John Oliver
Tweet: Here's our piece from Sunday on The West Bank settlements...https://t.co/AlELOkFMf7",2024-08-01 12:45:31,283949436
55184,279875879,https://twitter.com/iamjohnoliver/status/1816510157523911072,,Twitter,10320359,John Oliver,blank_for_now,blank_for_now,"{""follower_count"":5166560,""following_count"":142,""like_count"":553082,""post_count"":755,""views_count"":114983156,""comment_count"":27595,""share_count"":107024}","Here's our story from Sunday about the wave of conservatives claiming there's a wave of ""migrant crime"" ...https://t.co/I7x3S7rYS0", ,no longer populated,,2024-07-25T16:25:45.000Z,post data removed,https://www.junkipedia.org/rails/active_storage/blobs/redirect/eyJfcmFpbHMiOnsibWVzc2FnZSI6IkJBaHBCSm54dnprPSIsImV4cCI6bnVsbCwicHVyIjoiYmxvYl9pZCJ9fQ==--cacc4311277afbc3ba33147d06a50ee561cabce8/post-10320359-279875879-thumbnail,1990,481,223,228258,,,,Embedded content: ,"Here's our story from Sunday about the wave of conservatives claiming there's a wave of ""migrant crime"" ...https://t.co/I7x3S7rYS0","Author: John Oliver
Tweet: Here's our story from Sunday about the wave of conservatives claiming there's a wave of ""migrant crime"" ...https://t.co/I7x3S7rYS0",2024-07-25 16:25:45,279875879
63288,261524516,https://twitter.com/iamjohnoliver/status/1808619965341221255,,Twitter,10320359,John Oliver,blank_for_now,blank_for_now,"{""follower_count"":5299149,""following_count"":148,""like_count"":null,""post_count"":753,""views_count"":null,""comment_count"":null,""share_count"":null}","RT @LastWeekTonight: On July 4th, Britain has a chance to wash itself clean of 14 miserable years of conservative rule. https://t.co/Cz5fyV…", ,no longer populated,"On July 4th, Britain has a chance to wash itself clean of 14 miserable years of conservative rule. https://t.co/Cz5fyVrRnZ",2024-07-03T21:52:56.000Z,post data removed,,0,1530,0,2,,"On July 4th, Britain has a chance to wash itself clean of 14 miserable years of conservative rule. https://t.co/Cz5fyVrRnZ",,Embedded content: ,"RT @LastWeekTonight: On July 4th, Britain has a chance to wash itself clean of 14 miserable years of conservative rule. https://t.co/Cz5fyV…","Author: John Oliver
Tweet: RT @LastWeekTonight: On July 4th, Britain has a chance to wash itself clean of 14 miserable years of conservative rule. https://t.co/Cz5fyV…",2024-07-03 21:52:56,261524516
64670,258612475,https://twitter.com/iamjohnoliver/status/1806796107315339472,,Twitter,10320359,John Oliver,blank_for_now,blank_for_now,"{""follower_count"":5299149,""following_count"":148,""like_count"":null,""post_count"":753,""views_count"":null,""comment_count"":null,""share_count"":null}","RT @LastWeekTonight: We know it might be the worst possible time to say this, but: it’s time to go back to 2016. Because unfortunately, Sea…", ,no longer populated,"We know it might be the worst possible time to say this, but: it’s time to go back to 2016. Because unfortunately, Season 3 premieres on YouTube this Sunday, June 30th! Sorry! Sorry. Hey, we're sorry. https://t.co/KON7KhhVtR",2024-06-28T21:05:35.000Z,post data removed,,0,250,0,3,,"We know it might be the worst possible time to say this, but: it’s time to go back to 2016. Because unfortunately, Season 3 premieres on YouTube this Sunday, June 30th! Sorry! Sorry. Hey, we're sorry. https://t.co/KON7KhhVtR",,Embedded content: ,"RT @LastWeekTonight: We know it might be the worst possible time to say this, but: it’s time to go back to 2016. Because unfortunately, Sea…","Author: John Oliver
Tweet: RT @LastWeekTonight: We know it might be the worst possible time to say this, but: it’s time to go back to 2016. Because unfortunately, Sea…",2024-06-28 21:05:35,258612475
65278,257581481,https://twitter.com/iamjohnoliver/status/1806311343114326319,,Twitter,10320359,John Oliver,blank_for_now,blank_for_now,"{""follower_count"":5303509,""following_count"":147,""like_count"":null,""post_count"":752,""views_count"":null,""comment_count"":null,""share_count"":null}",Here's our piece from Sunday about the upcoming UK elections...https://t.co/KmYq8643Fv, ,no longer populated,,2024-06-27T12:59:18.000Z,post data removed,,1912,321,168,180289,,,,Embedded content: ,Here's our piece from Sunday about the upcoming UK elections...https://t.co/KmYq8643Fv,"Author: John Oliver
Tweet: Here's our piece from Sunday about the upcoming UK elections...https://t.co/KmYq8643Fv",2024-06-27 12:59:18,257581481
65887,256569437,https://twitter.com/iamjohnoliver/status/1805741624783421857,,Twitter,10320359,John Oliver,blank_for_now,blank_for_now,"{""follower_count"":5352133,""following_count"":150,""like_count"":null,""post_count"":751,""views_count"":null,""comment_count"":null,""share_count"":null}","RT @LastWeekTonight: If you’re in the UK, you may have noticed Sky TV didn’t air our last episode due to election rules, but the episode is…", ,no longer populated,"If you’re in the UK, you may have noticed Sky TV didn’t air our last episode due to election rules, but the episode is currently available to subscribers on demand. Here’s an article that explains it! https://t.co/k6K9BYzaYt",2024-06-25T23:15:27.000Z,post data removed,,0,657,0,3,,"If you’re in the UK, you may have noticed Sky TV didn’t air our last episode due to election rules, but the episode is currently available to subscribers on demand. Here’s an article that explains it! https://t.co/k6K9BYzaYt",,Embedded content: ,"RT @LastWeekTonight: If you’re in the UK, you may have noticed Sky TV didn’t air our last episode due to election rules, but the episode is…","Author: John Oliver
Tweet: RT @LastWeekTonight: If you’re in the UK, you may have noticed Sky TV didn’t air our last episode due to election rules, but the episode is…",2024-06-25 23:15:27,256569437
67860,253612376,https://twitter.com/iamjohnoliver/status/1803776506662887868,,Twitter,10320359,John Oliver,blank_for_now,blank_for_now,"{""follower_count"":5207208,""following_count"":145,""like_count"":null,""post_count"":755,""views_count"":null,""comment_count"":null,""share_count"":null}",Here's our piece from Sunday about what Trump's second term could look like...https://t.co/IIq59J1PXP, ,no longer populated,,2024-06-20T13:06:46.000Z,post data removed,,4871,1737,272,430502,,,,Embedded content: ,Here's our piece from Sunday about what Trump's second term could look like...https://t.co/IIq59J1PXP,"Author: John Oliver
Tweet: Here's our piece from Sunday about what Trump's second term could look like...https://t.co/IIq59J1PXP",2024-06-20 13:06:46,253612376
70121,250185662,https://twitter.com/iamjohnoliver/status/1801288846971179260,,Twitter,10320359,John Oliver,blank_for_now,blank_for_now,"{""follower_count"":5416968,""following_count"":154,""like_count"":488565,""post_count"":749,""views_count"":112926359,""comment_count"":21491,""share_count"":79925}",Here's our piece from Sunday about deep-sea mining...https://t.co/iMNUekjmcu, ,no longer populated,,2024-06-13T16:21:42.000Z,post data removed,,1261,234,126,167772,,,,Embedded content: ,Here's our piece from Sunday about deep-sea mining...https://t.co/iMNUekjmcu,"Author: John Oliver
Tweet: Here's our piece from Sunday about deep-sea mining...https://t.co/iMNUekjmcu",2024-06-13 16:21:42,250185662
72637,246202684,https://twitter.com/iamjohnoliver/status/1798707323420184972,,Twitter,10320359,John Oliver,blank_for_now,blank_for_now,"{""follower_count"":5418047,""following_count"":154,""like_count"":null,""post_count"":747,""views_count"":null,""comment_count"":null,""share_count"":null}",Here's our piece from Sunday about the elections in India...https://t.co/pvSpCx1JSk, ,no longer populated,,2024-06-06T13:23:38.000Z,post data removed,,7877,1848,280,394551,,,,Embedded content: ,Here's our piece from Sunday about the elections in India...https://t.co/pvSpCx1JSk,"Author: John Oliver
Tweet: Here's our piece from Sunday about the elections in India...https://t.co/pvSpCx1JSk",2024-06-06 13:23:38,246202684
76105,240198207,https://twitter.com/iamjohnoliver/status/1794804853887352997,,Twitter,10320359,John Oliver,blank_for_now,blank_for_now,"{""follower_count"":5418047,""following_count"":154,""like_count"":null,""post_count"":747,""views_count"":null,""comment_count"":null,""share_count"":null}","RT @LastWeekTonight: Remember season 2? Neither do we. Refresh yourself on YouTube, starting Sunday 5/26. https://t.co/oS9WNcxQsC", ,no longer populated,"Remember season 2? Neither do we. Refresh yourself on YouTube, starting Sunday 5/26. https://t.co/oS9WNcxQsC",2024-05-26T18:56:37.000Z,post data removed,,0,102,0,1,,"Remember season 2? Neither do we. Refresh yourself on YouTube, starting Sunday 5/26. https://t.co/oS9WNcxQsC",,Embedded content: ,"RT @LastWeekTonight: Remember season 2? Neither do we. Refresh yourself on YouTube, starting Sunday 5/26. https://t.co/oS9WNcxQsC","Author: John Oliver
Tweet: RT @LastWeekTonight: Remember season 2? Neither do we. Refresh yourself on YouTube, starting Sunday 5/26. https://t.co/oS9WNcxQsC",2024-05-26 18:56:37,240198207
79875,234427524,https://twitter.com/iamjohnoliver/status/1791094148625322159,,Twitter,10320359,John Oliver,blank_for_now,blank_for_now,"{""follower_count"":5426768,""following_count"":154,""like_count"":483195,""post_count"":746,""views_count"":112768760,""comment_count"":21087,""share_count"":78009}",Here's our story from Sunday about the opioid settlements...https://t.co/c9hYRXaJSQ, ,no longer populated,,2024-05-16T13:11:36.000Z,post data removed,,1260,219,157,190097,,,,Embedded content: ,Here's our story from Sunday about the opioid settlements...https://t.co/c9hYRXaJSQ,"Author: John Oliver
Tweet: Here's our story from Sunday about the opioid settlements...https://t.co/c9hYRXaJSQ",2024-05-16 13:11:36,234427524
82661,230827327,https://twitter.com/iamjohnoliver/status/1788554670719258963,,Twitter,10320359,John Oliver,blank_for_now,blank_for_now,"{""follower_count"":5428675,""following_count"":154,""like_count"":481056,""post_count"":745,""views_count"":112627510,""comment_count"":21027,""share_count"":77340}",Here's our piece from Sunday about libraries...https://t.co/u8YxQypnrC, ,no longer populated,,2024-05-09T13:00:37.000Z,post data removed,,2125,403,111,269144,,,,Embedded content: ,Here's our piece from Sunday about libraries...https://t.co/u8YxQypnrC,"Author: John Oliver
Tweet: Here's our piece from Sunday about libraries...https://t.co/u8YxQypnrC",2024-05-09 13:00:37,230827327
87324,224842700,https://twitter.com/iamjohnoliver/status/1784024313831576014,,Twitter,10320359,John Oliver,blank_for_now,blank_for_now,"{""follower_count"":5432074,""following_count"":155,""like_count"":468004,""post_count"":744,""views_count"":112501008,""comment_count"":20203,""share_count"":68904}",RT @LastWeekTonight: There’s no new episode this week! But we still have current events. From 10 years ago. This Sunday we’ll be dropping a…, ,no longer populated,"There’s no new episode this week! But we still have current events. From 10 years ago. This Sunday we’ll be dropping all of season 1 for free on YouTube! Seasons 2-8 to come, whenever we don’t have a new episode. Trust us, some of this is still completely relevant. Some. https://t.co/phgfU933FY",2024-04-27T00:58:36.000Z,post data removed,,0,357,0,2,,"There’s no new episode this week! But we still have current events. From 10 years ago. This Sunday we’ll be dropping all of season 1 for free on YouTube! Seasons 2-8 to come, whenever we don’t have a new episode. Trust us, some of this is still completely relevant. Some. https://t.co/phgfU933FY",,Embedded content: ,RT @LastWeekTonight: There’s no new episode this week! But we still have current events. From 10 years ago. This Sunday we’ll be dropping a…,"Author: John Oliver
Tweet: RT @LastWeekTonight: There’s no new episode this week! But we still have current events. From 10 years ago. This Sunday we’ll be dropping a…",2024-04-27 00:58:36,224842700
87910,224084144,https://twitter.com/iamjohnoliver/status/1783490142407213064,,Twitter,10320359,John Oliver,blank_for_now,blank_for_now,"{""follower_count"":5433929,""following_count"":155,""like_count"":466790,""post_count"":743,""views_count"":112391333,""comment_count"":20143,""share_count"":68596}",Here's our piece from Sunday about UFOs...https://t.co/7uEJV4BMCi, ,no longer populated,,2024-04-25T13:36:00.000Z,post data removed,,1882,210,138,255836,,,,Embedded content: ,Here's our piece from Sunday about UFOs...https://t.co/7uEJV4BMCi,"Author: John Oliver
Tweet: Here's our piece from Sunday about UFOs...https://t.co/7uEJV4BMCi",2024-04-25 13:36:00,224084144
89918,220564413,https://twitter.com/iamjohnoliver/status/1780945925931729291,,Twitter,10320359,John Oliver,blank_for_now,blank_for_now,"{""follower_count"":5434619,""following_count"":154,""like_count"":465531,""post_count"":742,""views_count"":112265817,""comment_count"":20083,""share_count"":68340}",Here's our story from Sunday about Medicaid....https://t.co/H1wzRYKDsQ, ,no longer populated,,2024-04-18T13:06:11.000Z,post data removed,,1567,282,92,225021,,,,Embedded content: ,Here's our story from Sunday about Medicaid....https://t.co/H1wzRYKDsQ,"Author: John Oliver
Tweet: Here's our story from Sunday about Medicaid....https://t.co/H1wzRYKDsQ",2024-04-18 13:06:11,220564413
91201,217692652,https://twitter.com/iamjohnoliver/status/1778413367671062537,,Twitter,10320359,John Oliver,blank_for_now,blank_for_now,"{""follower_count"":5437042,""following_count"":155,""like_count"":464187,""post_count"":741,""views_count"":112111573,""comment_count"":19976,""share_count"":68129}","Here's our piece from Sunday about executions, and the company we believe manufactured unregulated drugs that were used for lethal injections. You know, standard comedy show stuff....https://t.co/tCFeO3d0Fp", ,no longer populated,,2024-04-11T13:22:42.000Z,post data removed,,3100,456,116,293963,,,,Embedded content: ,"Here's our piece from Sunday about executions, and the company we believe manufactured unregulated drugs that were used for lethal injections. You know, standard comedy show stuff....https://t.co/tCFeO3d0Fp","Author: John Oliver
Tweet: Here's our piece from Sunday about executions, and the company we believe manufactured unregulated drugs that were used for lethal injections. You know, standard comedy show stuff....https://t.co/tCFeO3d0Fp",2024-04-11 13:22:42,217692652
91811,216156142,https://twitter.com/iamjohnoliver/status/1777368087752229329,,Twitter,10320359,John Oliver,blank_for_now,blank_for_now,"{""follower_count"":5439773,""following_count"":154,""like_count"":463067,""post_count"":740,""views_count"":111934374,""comment_count"":19713,""share_count"":67808}","RT @LastWeekTonight: This week’s main story is an update on lethal injections, who is supplying the government with the newest drugs used t…", ,no longer populated,"This week’s main story is an update on lethal injections, who is supplying the government with the newest drugs used to carry out executions, why those drugs sales may violate drug laws, and what we think The Property Brothers do behind closed doors. https://t.co/Sf1EWTy92v",2024-04-08T16:09:08.000Z,post data removed,,0,309,0,3,,"This week’s main story is an update on lethal injections, who is supplying the government with the newest drugs used to carry out executions, why those drugs sales may violate drug laws, and what we think The Property Brothers do behind closed doors. https://t.co/Sf1EWTy92v",,Embedded content: ,"RT @LastWeekTonight: This week’s main story is an update on lethal injections, who is supplying the government with the newest drugs used t…","Author: John Oliver
Tweet: RT @LastWeekTonight: This week’s main story is an update on lethal injections, who is supplying the government with the newest drugs used t…",2024-04-08 16:09:08,216156142
92633,214525393,https://twitter.com/iamjohnoliver/status/1775872619339821395,,Twitter,10320359,John Oliver,blank_for_now,blank_for_now,"{""follower_count"":5439831,""following_count"":154,""like_count"":463043,""post_count"":739,""views_count"":111931929,""comment_count"":19676,""share_count"":67803}",Here's our story from Sunday night about food delivery apps...https://t.co/yiCg6pHl9y, ,no longer populated,,2024-04-04T13:06:41.000Z,post data removed,,2250,317,84,274580,,,,Embedded content: ,Here's our story from Sunday night about food delivery apps...https://t.co/yiCg6pHl9y,"Author: John Oliver
Tweet: Here's our story from Sunday night about food delivery apps...https://t.co/yiCg6pHl9y",2024-04-04 13:06:41,214525393
95514,208892045,https://twitter.com/iamjohnoliver/status/1770795100915761550,,Twitter,10320359,John Oliver,blank_for_now,blank_for_now,"{""follower_count"":5441170,""following_count"":155,""like_count"":null,""post_count"":738,""views_count"":null,""comment_count"":null,""share_count"":null}",Here's our story from sunday about student loans...https://t.co/KGCP326dMf, ,no longer populated,,2024-03-21T12:50:26.000Z,post data removed,,2611,523,191,279625,,,,Embedded content: ,Here's our story from sunday about student loans...https://t.co/KGCP326dMf,"Author: John Oliver
Tweet: Here's our story from sunday about student loans...https://t.co/KGCP326dMf",2024-03-21 12:50:26,208892045
97032,206577369,https://twitter.com/iamjohnoliver/status/1768297185131532716,,Twitter,10320359,John Oliver,blank_for_now,blank_for_now,"{""follower_count"":5445538,""following_count"":156,""like_count"":459623,""post_count"":737,""views_count"":111603232,""comment_count"":18917,""share_count"":67120}",Here's our story from Sunday about state medical boards...https://t.co/2SaK3vkfHz, ,no longer populated,,2024-03-14T15:24:36.000Z,post data removed,,1733,274,79,215196,,,,Embedded content: ,Here's our story from Sunday about state medical boards...https://t.co/2SaK3vkfHz,"Author: John Oliver
Tweet: Here's our story from Sunday about state medical boards...https://t.co/2SaK3vkfHz",2024-03-14 15:24:36,206577369
98789,204344308,https://twitter.com/iamjohnoliver/status/1765738975514304768,,Twitter,10320359,John Oliver,blank_for_now,blank_for_now,"{""follower_count"":5446649,""following_count"":156,""like_count"":456973,""post_count"":736,""views_count"":111423118,""comment_count"":18664,""share_count"":66323}",Here's our story from Sunday night about Boeing...https://t.co/9nAPJyExxr, ,no longer populated,,2024-03-07T13:59:12.000Z,post data removed,,3118,495,177,446039,,,,Embedded content: ,Here's our story from Sunday night about Boeing...https://t.co/9nAPJyExxr,"Author: John Oliver
Tweet: Here's our story from Sunday night about Boeing...https://t.co/9nAPJyExxr",2024-03-07 13:59:12,204344308
100379,202245901,https://twitter.com/iamjohnoliver/status/1763206970880749990,,Twitter,10320359,John Oliver,blank_for_now,blank_for_now,"{""follower_count"":5446830,""following_count"":155,""like_count"":454666,""post_count"":735,""views_count"":111208626,""comment_count"":18499,""share_count"":65737}","Here's our story about pig butchering scams. Please share it with anyone who you think might be vulnerable to one, which is basically everybody...https://t.co/NNfYgklOfZ", ,no longer populated,,2024-02-29T14:17:55.000Z,post data removed,,3162,712,133,406512,,,,Embedded content: ,"Here's our story about pig butchering scams. Please share it with anyone who you think might be vulnerable to one, which is basically everybody...https://t.co/NNfYgklOfZ","Author: John Oliver
Tweet: Here's our story about pig butchering scams. Please share it with anyone who you think might be vulnerable to one, which is basically everybody...https://t.co/NNfYgklOfZ",2024-02-29 14:17:55,202245901
101160,201023046,https://twitter.com/iamjohnoliver/status/1761893128393327011,,Twitter,10320359,John Oliver,blank_for_now,blank_for_now,"{""follower_count"":5449216,""following_count"":155,""like_count"":454498,""post_count"":734,""views_count"":111118184,""comment_count"":18384,""share_count"":64075}","RT @LastWeekTonight: The 2nd episode of the season starts at 11:10pm! Not quite as exciting as a season premiere, sure. But we try to look…", ,no longer populated,"The 2nd episode of the season starts at 11:10pm! Not quite as exciting as a season premiere, sure. But we try to look at each show like it’s a premiere of sorts. The premiere of…John saying this particular stuff out of his face for the first time. Ya. Pretty special.",2024-02-25T23:17:10.000Z,post data removed,,0,135,0,2,,"The 2nd episode of the season starts at 11:10pm! Not quite as exciting as a season premiere, sure. But we try to look at each show like it’s a premiere of sorts. The premiere of…John saying this particular stuff out of his face for the first time. Ya. Pretty special.",,Embedded content: ,"RT @LastWeekTonight: The 2nd episode of the season starts at 11:10pm! Not quite as exciting as a season premiere, sure. But we try to look…","Author: John Oliver
Tweet: RT @LastWeekTonight: The 2nd episode of the season starts at 11:10pm! Not quite as exciting as a season premiere, sure. But we try to look…",2024-02-25 23:17:10,201023046
101940,200035390,https://twitter.com/iamjohnoliver/status/1760663449690939400,,Twitter,10320359,John Oliver,blank_for_now,blank_for_now,"{""follower_count"":5430708,""following_count"":154,""like_count"":null,""post_count"":744,""views_count"":null,""comment_count"":null,""share_count"":null}","For those who haven't seen it, here's our story from Sunday about the Supreme Court...https://t.co/TIg3612AXi", ,no longer populated,,2024-02-22T13:50:52.000Z,post data removed,,8647,1748,402,553539,,,,Embedded content: ,"For those who haven't seen it, here's our story from Sunday about the Supreme Court...https://t.co/TIg3612AXi","Author: John Oliver
Tweet: For those who haven't seen it, here's our story from Sunday about the Supreme Court...https://t.co/TIg3612AXi",2024-02-22 13:50:52,200035390
102568,199181091,https://twitter.com/iamjohnoliver/status/1759673723433402553,,Twitter,10320359,John Oliver,blank_for_now,blank_for_now,"{""follower_count"":5448794,""following_count"":155,""like_count"":null,""post_count"":732,""views_count"":null,""comment_count"":null,""share_count"":null}","I know I usually share a link to our main story here on Mondays, but HBO has decided they’re going to wait until Thursday to post them to YouTube from now on. I hope they change their mind, but until then, you can see our piece about the Supreme Court on HBO, on MAX, and on", ,no longer populated,,2024-02-19T20:18:03.000Z,post data removed,,17722,1474,1403,1480800,,,,Embedded content: ,"I know I usually share a link to our main story here on Mondays, but HBO has decided they’re going to wait until Thursday to post them to YouTube from now on. I hope they change their mind, but until then, you can see our piece about the Supreme Court on HBO, on MAX, and on","Author: John Oliver
Tweet: I know I usually share a link to our main story here on Mondays, but HBO has decided they’re going to wait until Thursday to post them to YouTube from now on. I hope they change their mind, but until then, you can see our piece about the Supreme Court on HBO, on MAX, and on",2024-02-19 20:18:03,199181091
102677,198960005,https://twitter.com/iamjohnoliver/status/1759430194450809289,,Twitter,10320359,John Oliver,blank_for_now,blank_for_now,"{""follower_count"":5447768,""following_count"":155,""like_count"":null,""post_count"":731,""views_count"":null,""comment_count"":null,""share_count"":null}","RT @LastWeekTonight: Season 11 starts tonight at 11pm! And we’ve missed you! Almost as much as John misses Steamboat Willie, whenever they’…", ,no longer populated,"Season 11 starts tonight at 11pm! And we’ve missed you! Almost as much as John misses Steamboat Willie, whenever they’re not together. Which is basically never, but y’know, everyone uses the bathroom from time to time. Even fancy mice. The point is: we’ll see you tonight! https://t.co/ddGCjFAhYH",2024-02-19T04:10:21.000Z,post data removed,,0,423,0,7,,"Season 11 starts tonight at 11pm! And we’ve missed you! Almost as much as John misses Steamboat Willie, whenever they’re not together. Which is basically never, but y’know, everyone uses the bathroom from time to time. Even fancy mice. The point is: we’ll see you tonight! https://t.co/ddGCjFAhYH",,Embedded content: ,"RT @LastWeekTonight: Season 11 starts tonight at 11pm! And we’ve missed you! Almost as much as John misses Steamboat Willie, whenever they’…","Author: John Oliver
Tweet: RT @LastWeekTonight: Season 11 starts tonight at 11pm! And we’ve missed you! Almost as much as John misses Steamboat Willie, whenever they’…",2024-02-19 04:10:21,198960005
